,epmc_id,source,datalink_ID,datalink_IDScheme,datalink_IDURL,datalink_Category
52,41479581,MED,OP161128,ENA,http://identifiers.org/ebi/ena.embl:OP161128,Nucleotide Sequences
53,41479581,MED,OP019749,ENA,http://identifiers.org/ebi/ena.embl:OP019749,Nucleotide Sequences
54,41479581,MED,OP161117,ENA,http://identifiers.org/ebi/ena.embl:OP161117,Nucleotide Sequences
55,41479581,MED,OP161114,ENA,http://identifiers.org/ebi/ena.embl:OP161114,Nucleotide Sequences
56,41479581,MED,OP113134,ENA,http://identifiers.org/ebi/ena.embl:OP113134,Nucleotide Sequences
57,41479581,MED,OP019741,ENA,http://identifiers.org/ebi/ena.embl:OP019741,Nucleotide Sequences
66,41233552,MED,CP073074,ENA,http://identifiers.org/ebi/ena.embl:CP073074,Nucleotide Sequences
72,38271627,MED,SRP471055,ENA,http://www.ebi.ac.uk/ena/data/view/SRP471055,Nucleotide Sequences
73,38271627,MED,PRJNA1037470,ENA,http://www.ebi.ac.uk/ena/data/view/PRJNA1037470,Nucleotide Sequences
81,38318864,MED,PRJNA626361,ENA,http://www.ebi.ac.uk/ena/data/view/PRJNA626361,Nucleotide Sequences
82,38318864,MED,SRP257242,ENA,http://www.ebi.ac.uk/ena/data/view/SRP257242,Nucleotide Sequences
112,39850030,MED,SRP057970,ENA,http://identifiers.org/ebi/ena.embl:SRP057970,Nucleotide Sequences
114,39653778,MED,AC022431,ENA,http://identifiers.org/ebi/ena.embl:AC022431,Nucleotide Sequences
117,39160179,MED,SRP499056,ENA,http://www.ebi.ac.uk/ena/data/view/SRP499056,Nucleotide Sequences
118,39160179,MED,PRJNA1094972,ENA,http://www.ebi.ac.uk/ena/data/view/PRJNA1094972,Nucleotide Sequences
161,35526671,MED,SRP321750,ENA,http://www.ebi.ac.uk/ena/data/view/SRP321750,Nucleotide Sequences
162,35526671,MED,PRJNA733336,ENA,http://www.ebi.ac.uk/ena/data/view/PRJNA733336,Nucleotide Sequences
165,36701416,MED,SRP398120,ENA,http://www.ebi.ac.uk/ena/data/view/SRP398120,Nucleotide Sequences
166,36701416,MED,PRJNA882083,ENA,http://www.ebi.ac.uk/ena/data/view/PRJNA882083,Nucleotide Sequences
171,38049447,MED,PRJNA1023911,ENA,http://www.ebi.ac.uk/ena/data/view/PRJNA1023911,Nucleotide Sequences
225,35731891,MED,PRJNA794730,ENA,http://www.ebi.ac.uk/ena/data/view/PRJNA794730,Nucleotide Sequences
226,35731891,MED,SRP353346,ENA,http://www.ebi.ac.uk/ena/data/view/SRP353346,Nucleotide Sequences
227,35731891,MED,PRJNA824585,ENA,http://www.ebi.ac.uk/ena/data/view/PRJNA824585,Nucleotide Sequences
228,35731891,MED,PRJNA794357,ENA,http://www.ebi.ac.uk/ena/data/view/PRJNA794357,Nucleotide Sequences
229,35731891,MED,PRJNA794736,ENA,http://www.ebi.ac.uk/ena/data/view/PRJNA794736,Nucleotide Sequences
230,35731891,MED,SRP353616,ENA,http://www.ebi.ac.uk/ena/data/view/SRP353616,Nucleotide Sequences
231,35731891,MED,SRP353609,ENA,http://www.ebi.ac.uk/ena/data/view/SRP353609,Nucleotide Sequences
232,35731891,MED,PRJNA793895,ENA,http://www.ebi.ac.uk/ena/data/view/PRJNA793895,Nucleotide Sequences
244,32322884,MED,PRJNA528490,ENA,http://www.ebi.ac.uk/ena/data/view/PRJNA528490,Nucleotide Sequences
252,33558530,MED,SRP291446,ENA,http://www.ebi.ac.uk/ena/data/view/SRP291446,Nucleotide Sequences
253,33558530,MED,PRJNA675090,ENA,http://www.ebi.ac.uk/ena/data/view/PRJNA675090,Nucleotide Sequences
254,40893937,MED,GCST90199621,ENA,http://identifiers.org/ebi/ena.embl:GCST90199621,Nucleotide Sequences
269,38337709,MED,PRJNA622780,ENA,http://www.ebi.ac.uk/ena/data/view/PRJNA622780,Nucleotide Sequences
273,34806748,MED,SRP285298,ENA,http://www.ebi.ac.uk/ena/data/view/SRP285298,Nucleotide Sequences
274,34806748,MED,PRJNA665508,ENA,http://www.ebi.ac.uk/ena/data/view/PRJNA665508,Nucleotide Sequences
278,35933472,MED,PRJNA629369,ENA,http://www.ebi.ac.uk/ena/data/view/PRJNA629369,Nucleotide Sequences
279,35933472,MED,PRJNA714602,ENA,http://www.ebi.ac.uk/ena/data/view/PRJNA714602,Nucleotide Sequences
280,35933472,MED,SRP310667,ENA,http://www.ebi.ac.uk/ena/data/view/SRP310667,Nucleotide Sequences
283,33436736,MED,PRJNA610580,ENA,http://www.ebi.ac.uk/ena/data/view/PRJNA610580,Nucleotide Sequences
284,33436736,MED,SRP251715,ENA,http://www.ebi.ac.uk/ena/data/view/SRP251715,Nucleotide Sequences
303,39703441,MED,J03890,ENA,http://identifiers.org/ebi/ena.embl:J03890,Nucleotide Sequences
314,37760879,MED,AB209021,ENA,http://identifiers.org/ebi/ena.embl:AB209021,Nucleotide Sequences
315,37760879,MED,AF264622,ENA,http://identifiers.org/ebi/ena.embl:AF264622,Nucleotide Sequences
336,34437303,MED,PRJNA746233,ENA,http://www.ebi.ac.uk/ena/data/view/PRJNA746233,Nucleotide Sequences
337,34437303,MED,SRP328149,ENA,http://www.ebi.ac.uk/ena/data/view/SRP328149,Nucleotide Sequences
341,37091138,MED,PRJNA255873,ENA,http://www.ebi.ac.uk/ena/data/view/PRJNA255873,Nucleotide Sequences
372,34440652,MED,PRJEB46457,ENA,http://www.ebi.ac.uk/ena/data/view/PRJEB46457,Nucleotide Sequences
373,34440652,MED,ERP130642,ENA,http://www.ebi.ac.uk/ena/data/view/ERP130642,Nucleotide Sequences
374,37870985,MED,MT705206,ENA,http://identifiers.org/ebi/ena.embl:MT705206,Nucleotide Sequences
400,37587191,MED,PRJNA928456,ENA,http://www.ebi.ac.uk/ena/data/view/PRJNA928456,Nucleotide Sequences
421,32616761,MED,PRJNA640519,ENA,http://www.ebi.ac.uk/ena/data/view/PRJNA640519,Nucleotide Sequences
422,32616761,MED,SRP267949,ENA,http://www.ebi.ac.uk/ena/data/view/SRP267949,Nucleotide Sequences
424,38737240,MED,MF352141,ENA,http://identifiers.org/ebi/ena.embl:MF352141,Nucleotide Sequences
431,37681020,MED,X02763,ENA,http://identifiers.org/ebi/ena.embl:X02763,Nucleotide Sequences
433,36415047,MED,AC073593,ENA,http://identifiers.org/ebi/ena.embl:AC073593,Nucleotide Sequences
434,36415047,MED,AC126309,ENA,http://identifiers.org/ebi/ena.embl:AC126309,Nucleotide Sequences
441,31504629,MED,SRP189506,ENA,http://www.ebi.ac.uk/ena/data/view/SRP189506,Nucleotide Sequences
442,31504629,MED,PRJNA529238,ENA,http://www.ebi.ac.uk/ena/data/view/PRJNA529238,Nucleotide Sequences
443,33509158,MED,AC037198,ENA,http://identifiers.org/ebi/ena.embl:AC037198,Nucleotide Sequences
444,33509158,MED,PRJNA689555,ENA,http://www.ebi.ac.uk/ena/data/view/PRJNA689555,Nucleotide Sequences
445,33509158,MED,SRP300213,ENA,http://www.ebi.ac.uk/ena/data/view/SRP300213,Nucleotide Sequences
493,28081703,MED,PRJNA326784,ENA,http://www.ebi.ac.uk/ena/data/view/PRJNA326784,Nucleotide Sequences
494,28081703,MED,SRP077072,ENA,http://www.ebi.ac.uk/ena/data/view/SRP077072,Nucleotide Sequences
509,29423032,MED,PRJNA527257,ENA,http://www.ebi.ac.uk/ena/data/view/PRJNA527257,Nucleotide Sequences
510,29423032,MED,SRP188526,ENA,http://www.ebi.ac.uk/ena/data/view/SRP188526,Nucleotide Sequences
514,33511305,MED,SRP238249,ENA,http://www.ebi.ac.uk/ena/data/view/SRP238249,Nucleotide Sequences
515,33511305,MED,PRJNA596759,ENA,http://www.ebi.ac.uk/ena/data/view/PRJNA596759,Nucleotide Sequences
517,30168613,MED,AK055957,ENA,http://identifiers.org/ebi/ena.embl:AK055957,Nucleotide Sequences
537,34047270,MED,CP000647,ENA,http://identifiers.org/ebi/ena.embl:CP000647,Nucleotide Sequences
542,33630849,MED,PRJNA684138,ENA,http://www.ebi.ac.uk/ena/data/view/PRJNA684138,Nucleotide Sequences
552,31617731,MED,PRJNA544953,ENA,http://www.ebi.ac.uk/ena/data/view/PRJNA544953,Nucleotide Sequences
570,29794131,MED,SRP125001,ENA,http://www.ebi.ac.uk/ena/data/view/SRP125001,Nucleotide Sequences
571,29794131,MED,PRJNA418402,ENA,http://www.ebi.ac.uk/ena/data/view/PRJNA418402,Nucleotide Sequences
582,32904132,MED,AB014360,ENA,http://identifiers.org/ebi/ena.embl:AB014360,Nucleotide Sequences
583,32904132,MED,AB048701,ENA,http://identifiers.org/ebi/ena.embl:AB048701,Nucleotide Sequences
584,32904132,MED,AB036905,ENA,http://identifiers.org/ebi/ena.embl:AB036905,Nucleotide Sequences
585,32904132,MED,AB010289,ENA,http://identifiers.org/ebi/ena.embl:AB010289,Nucleotide Sequences
586,32904132,MED,SRP188799,ENA,http://www.ebi.ac.uk/ena/data/view/SRP188799,Nucleotide Sequences
588,33319812,MED,CP006958,ENA,http://identifiers.org/ebi/ena.embl:CP006958,Nucleotide Sequences
593,33806322,MED,PRJNA692367,ENA,http://www.ebi.ac.uk/ena/data/view/PRJNA692367,Nucleotide Sequences
638,26918470,MED,PRJNA276504,ENA,http://www.ebi.ac.uk/ena/data/view/PRJNA276504,Nucleotide Sequences
664,28646076,MED,PRJNA362368,ENA,http://www.ebi.ac.uk/ena/data/view/PRJNA362368,Nucleotide Sequences
671,28138557,MED,ERP012260,ENA,http://identifiers.org/ebi/ena.embl:ERP012260,Nucleotide Sequences
672,28138557,MED,PRJEB37892,ENA,http://www.ebi.ac.uk/ena/data/view/PRJEB37892,Nucleotide Sequences
673,28138557,MED,ERP121234,ENA,http://www.ebi.ac.uk/ena/data/view/ERP121234,Nucleotide Sequences
680,30850646,MED,PRJNA517414,ENA,http://www.ebi.ac.uk/ena/data/view/PRJNA517414,Nucleotide Sequences
681,30850646,MED,SRP182649,ENA,http://www.ebi.ac.uk/ena/data/view/SRP182649,Nucleotide Sequences
685,31378695,MED,PRJNA530268,ENA,http://www.ebi.ac.uk/ena/data/view/PRJNA530268,Nucleotide Sequences
693,31664087,MED,PRJNA557469,ENA,http://www.ebi.ac.uk/ena/data/view/PRJNA557469,Nucleotide Sequences
694,32289533,MED,AK055957,ENA,http://identifiers.org/ebi/ena.embl:AK055957,Nucleotide Sequences
702,25215577,MED,PRJNA242344,ENA,http://www.ebi.ac.uk/ena/data/view/PRJNA242344,Nucleotide Sequences
705,31358576,MED,PRJNA448890,ENA,http://www.ebi.ac.uk/ena/data/view/PRJNA448890,Nucleotide Sequences
706,31358576,MED,SRP137706,ENA,http://www.ebi.ac.uk/ena/data/view/SRP137706,Nucleotide Sequences
710,28103284,MED,BG389789,ENA,http://identifiers.org/ebi/ena.embl:BG389789,Nucleotide Sequences
711,28103284,MED,AI949912,ENA,http://identifiers.org/ebi/ena.embl:AI949912,Nucleotide Sequences
712,28103284,MED,AI475680,ENA,http://identifiers.org/ebi/ena.embl:AI475680,Nucleotide Sequences
713,28103284,MED,H78083,ENA,http://identifiers.org/ebi/ena.embl:H78083,Nucleotide Sequences
720,31023846,MED,PRJNA306670,ENA,http://www.ebi.ac.uk/ena/data/view/PRJNA306670,Nucleotide Sequences
721,31023846,MED,PRJNA306669,ENA,http://www.ebi.ac.uk/ena/data/view/PRJNA306669,Nucleotide Sequences
722,31023846,MED,PRJNA306665,ENA,http://www.ebi.ac.uk/ena/data/view/PRJNA306665,Nucleotide Sequences
727,24067902,MED,SRP010669,ENA,http://www.ebi.ac.uk/ena/data/view/SRP010669,Nucleotide Sequences
728,24067902,MED,PRJNA156113,ENA,http://www.ebi.ac.uk/ena/data/view/PRJNA156113,Nucleotide Sequences
729,24067902,MED,PRJNA156115,ENA,http://www.ebi.ac.uk/ena/data/view/PRJNA156115,Nucleotide Sequences
730,24067902,MED,SRP010670,ENA,http://www.ebi.ac.uk/ena/data/view/SRP010670,Nucleotide Sequences
731,24067902,MED,PRJNA152339,ENA,http://www.ebi.ac.uk/ena/data/view/PRJNA152339,Nucleotide Sequences
738,30540547,MED,PRJNA292102,ENA,http://www.ebi.ac.uk/ena/data/view/PRJNA292102,Nucleotide Sequences
772,26164662,MED,SRP055438,ENA,http://www.ebi.ac.uk/ena/data/view/SRP055438,Nucleotide Sequences
773,26164662,MED,PRJNA276116,ENA,http://www.ebi.ac.uk/ena/data/view/PRJNA276116,Nucleotide Sequences
774,26164662,MED,PRJNA276112,ENA,http://www.ebi.ac.uk/ena/data/view/PRJNA276112,Nucleotide Sequences
775,26164662,MED,SRP055439,ENA,http://www.ebi.ac.uk/ena/data/view/SRP055439,Nucleotide Sequences
776,26164662,MED,PRJNA276115,ENA,http://www.ebi.ac.uk/ena/data/view/PRJNA276115,Nucleotide Sequences
780,27244555,MED,PRJNA301938,ENA,http://www.ebi.ac.uk/ena/data/view/PRJNA301938,Nucleotide Sequences
791,30287520,MED,PRJNA472352,ENA,http://www.ebi.ac.uk/ena/data/view/PRJNA472352,Nucleotide Sequences
795,27453547,MED,M81361,ENA,http://identifiers.org/ebi/ena.embl:M81361,Nucleotide Sequences
796,27453547,MED,V01460,ENA,http://identifiers.org/ebi/ena.embl:V01460,Nucleotide Sequences
801,29904624,MED,PRJNA486651,ENA,http://www.ebi.ac.uk/ena/data/view/PRJNA486651,Nucleotide Sequences
802,29904624,MED,SRP166989,ENA,http://www.ebi.ac.uk/ena/data/view/SRP166989,Nucleotide Sequences
803,28074113,MED,X02612,ENA,http://identifiers.org/ebi/ena.embl:X02612,Nucleotide Sequences
813,28130554,MED,M14123,ENA,http://identifiers.org/ebi/ena.embl:M14123,Nucleotide Sequences
831,33400168,MED,AI467003,ENA,http://identifiers.org/ebi/ena.embl:AI467003,Nucleotide Sequences
837,27486882,MED,AB014381,ENA,http://identifiers.org/ebi/ena.embl:AB014381,Nucleotide Sequences
838,27486882,MED,M32138,ENA,http://identifiers.org/ebi/ena.embl:M32138,Nucleotide Sequences
839,27486882,MED,AF223965,ENA,http://identifiers.org/ebi/ena.embl:AF223965,Nucleotide Sequences
840,27486882,MED,X65259,ENA,http://identifiers.org/ebi/ena.embl:X65259,Nucleotide Sequences
841,27486882,MED,X85254,ENA,http://identifiers.org/ebi/ena.embl:X85254,Nucleotide Sequences
842,27486882,MED,AB064310,ENA,http://identifiers.org/ebi/ena.embl:AB064310,Nucleotide Sequences
843,27486882,MED,X69798,ENA,http://identifiers.org/ebi/ena.embl:X69798,Nucleotide Sequences
844,27486882,MED,AY090460,ENA,http://identifiers.org/ebi/ena.embl:AY090460,Nucleotide Sequences
845,27486882,MED,X75657,ENA,http://identifiers.org/ebi/ena.embl:X75657,Nucleotide Sequences
846,27486882,MED,AF100309,ENA,http://identifiers.org/ebi/ena.embl:AF100309,Nucleotide Sequences
847,27486882,MED,AF405706,ENA,http://identifiers.org/ebi/ena.embl:AF405706,Nucleotide Sequences
848,27486882,MED,X51970,ENA,http://identifiers.org/ebi/ena.embl:X51970,Nucleotide Sequences
849,27486882,MED,D00329,ENA,http://identifiers.org/ebi/ena.embl:D00329,Nucleotide Sequences
850,27486882,MED,AB032431,ENA,http://identifiers.org/ebi/ena.embl:AB032431,Nucleotide Sequences
851,27486882,MED,AB033554,ENA,http://identifiers.org/ebi/ena.embl:AB033554,Nucleotide Sequences
852,27486882,MED,AF090842,ENA,http://identifiers.org/ebi/ena.embl:AF090842,Nucleotide Sequences
853,27486882,MED,X04615,ENA,http://identifiers.org/ebi/ena.embl:X04615,Nucleotide Sequences
854,27486882,MED,X02763,ENA,http://identifiers.org/ebi/ena.embl:X02763,Nucleotide Sequences
855,27486882,MED,AF160501,ENA,http://identifiers.org/ebi/ena.embl:AF160501,Nucleotide Sequences
856,27486882,MED,AY090454,ENA,http://identifiers.org/ebi/ena.embl:AY090454,Nucleotide Sequences
857,27486882,MED,AB036910,ENA,http://identifiers.org/ebi/ena.embl:AB036910,Nucleotide Sequences
858,27486882,MED,AY090457,ENA,http://identifiers.org/ebi/ena.embl:AY090457,Nucleotide Sequences
872,27652277,MED,DQ379956,ENA,http://identifiers.org/ebi/ena.embl:DQ379956,Nucleotide Sequences
873,27652277,MED,U43746,ENA,http://identifiers.org/ebi/ena.embl:U43746,Nucleotide Sequences
874,27652277,MED,K03020,ENA,http://identifiers.org/ebi/ena.embl:K03020,Nucleotide Sequences
875,27652277,MED,KC493621,ENA,http://identifiers.org/ebi/ena.embl:KC493621,Nucleotide Sequences
882,28750650,MED,SRP100575,ENA,http://identifiers.org/ebi/ena.embl:SRP100575,Nucleotide Sequences
883,28750650,MED,ERP005860,ENA,http://identifiers.org/ebi/ena.embl:ERP005860,Nucleotide Sequences
893,27835701,MED,PRJNA398121,ENA,http://www.ebi.ac.uk/ena/data/view/PRJNA398121,Nucleotide Sequences
894,27835701,MED,SRP115577,ENA,http://www.ebi.ac.uk/ena/data/view/SRP115577,Nucleotide Sequences
898,24206787,MED,SRA066400,ENA,http://identifiers.org/ebi/ena.embl:SRA066400,Nucleotide Sequences
899,24206787,MED,SRP045591,ENA,http://www.ebi.ac.uk/ena/data/view/SRP045591,Nucleotide Sequences
900,24206787,MED,PRJNA258437,ENA,http://www.ebi.ac.uk/ena/data/view/PRJNA258437,Nucleotide Sequences
904,29375724,MED,PRJNA279155,ENA,http://www.ebi.ac.uk/ena/data/view/PRJNA279155,Nucleotide Sequences
907,PMC9585422,PMC,KU724105,ENA,http://identifiers.org/ebi/ena.embl:KU724105,Nucleotide Sequences
908,PMC9585422,PMC,JX112804,ENA,http://identifiers.org/ebi/ena.embl:JX112804,Nucleotide Sequences
952,22323451,MED,PRJNA343958,ENA,http://www.ebi.ac.uk/ena/data/view/PRJNA343958,Nucleotide Sequences
958,25231882,MED,SRP045276,ENA,http://www.ebi.ac.uk/ena/data/view/SRP045276,Nucleotide Sequences
959,25231882,MED,PRJNA257512,ENA,http://www.ebi.ac.uk/ena/data/view/PRJNA257512,Nucleotide Sequences
967,23019655,MED,SRA057249,ENA,http://identifiers.org/ebi/ena.embl:SRA057249,Nucleotide Sequences
968,25691938,MED,AB033559,ENA,http://identifiers.org/ebi/ena.embl:AB033559,Nucleotide Sequences
978,21852540,MED,PRJNA120911,ENA,http://www.ebi.ac.uk/ena/data/view/PRJNA120911,Nucleotide Sequences
989,23723971,MED,PRJNA168229,ENA,http://www.ebi.ac.uk/ena/data/view/PRJNA168229,Nucleotide Sequences
990,23723971,MED,PRJNA168214,ENA,http://www.ebi.ac.uk/ena/data/view/PRJNA168214,Nucleotide Sequences
991,23723971,MED,PRJNA168228,ENA,http://www.ebi.ac.uk/ena/data/view/PRJNA168228,Nucleotide Sequences
995,25645722,MED,PRJNA269370,ENA,http://www.ebi.ac.uk/ena/data/view/PRJNA269370,Nucleotide Sequences
1000,22536438,MED,M24485,ENA,http://identifiers.org/ebi/ena.embl:M24485,Nucleotide Sequences
1001,25774806,MED,PRJNA270685,ENA,http://www.ebi.ac.uk/ena/data/view/PRJNA270685,Nucleotide Sequences
1012,20068008,MED,PRJNA118917,ENA,http://www.ebi.ac.uk/ena/data/view/PRJNA118917,Nucleotide Sequences
1016,23341494,MED,SRP008740,ENA,http://identifiers.org/ebi/ena.embl:SRP008740,Nucleotide Sequences
1018,20650537,MED,AY641563,ENA,http://identifiers.org/ebi/ena.embl:AY641563,Nucleotide Sequences
1021,23551967,MED,PRJNA145643,ENA,http://www.ebi.ac.uk/ena/data/view/PRJNA145643,Nucleotide Sequences
1025,23940611,MED,PRJNA183533,ENA,http://www.ebi.ac.uk/ena/data/view/PRJNA183533,Nucleotide Sequences
1026,23940611,MED,PRJNA183535,ENA,http://www.ebi.ac.uk/ena/data/view/PRJNA183535,Nucleotide Sequences
1027,23940611,MED,PRJNA183534,ENA,http://www.ebi.ac.uk/ena/data/view/PRJNA183534,Nucleotide Sequences
1028,23940611,MED,PRJNA183538,ENA,http://www.ebi.ac.uk/ena/data/view/PRJNA183538,Nucleotide Sequences
1029,23940611,MED,PRJNA183532,ENA,http://www.ebi.ac.uk/ena/data/view/PRJNA183532,Nucleotide Sequences
1030,23940611,MED,PRJNA183537,ENA,http://www.ebi.ac.uk/ena/data/view/PRJNA183537,Nucleotide Sequences
1031,23940611,MED,PRJNA183536,ENA,http://www.ebi.ac.uk/ena/data/view/PRJNA183536,Nucleotide Sequences
1040,23976967,MED,BX648695,ENA,http://identifiers.org/ebi/ena.embl:BX648695,Nucleotide Sequences
1041,23976967,MED,BC035363,ENA,http://identifiers.org/ebi/ena.embl:BC035363,Nucleotide Sequences
1042,23976967,MED,AF268386,ENA,http://identifiers.org/ebi/ena.embl:AF268386,Nucleotide Sequences
1043,23976967,MED,EF177379,ENA,http://identifiers.org/ebi/ena.embl:EF177379,Nucleotide Sequences
1044,23976967,MED,AK097452,ENA,http://identifiers.org/ebi/ena.embl:AK097452,Nucleotide Sequences
1045,23976967,MED,AK130470,ENA,http://identifiers.org/ebi/ena.embl:AK130470,Nucleotide Sequences
1046,23976967,MED,AF056184,ENA,http://identifiers.org/ebi/ena.embl:AF056184,Nucleotide Sequences
1047,23976967,MED,AK130275,ENA,http://identifiers.org/ebi/ena.embl:AK130275,Nucleotide Sequences
1048,23976967,MED,AK094765,ENA,http://identifiers.org/ebi/ena.embl:AK094765,Nucleotide Sequences
1049,23976967,MED,BC031859,ENA,http://identifiers.org/ebi/ena.embl:BC031859,Nucleotide Sequences
1050,23976967,MED,AK126582,ENA,http://identifiers.org/ebi/ena.embl:AK126582,Nucleotide Sequences
1051,23976967,MED,AK126075,ENA,http://identifiers.org/ebi/ena.embl:AK126075,Nucleotide Sequences
1052,23976967,MED,G30815,ENA,http://identifiers.org/ebi/ena.embl:G30815,Nucleotide Sequences
1053,23976967,MED,BC121819,ENA,http://identifiers.org/ebi/ena.embl:BC121819,Nucleotide Sequences
1054,23976967,MED,AK054908,ENA,http://identifiers.org/ebi/ena.embl:AK054908,Nucleotide Sequences
1055,23976967,MED,AK130977,ENA,http://identifiers.org/ebi/ena.embl:AK130977,Nucleotide Sequences
1056,23976967,MED,AX746738,ENA,http://identifiers.org/ebi/ena.embl:AX746738,Nucleotide Sequences
1057,23976967,MED,AK129685,ENA,http://identifiers.org/ebi/ena.embl:AK129685,Nucleotide Sequences
1058,23976967,MED,AX746718,ENA,http://identifiers.org/ebi/ena.embl:AX746718,Nucleotide Sequences
1059,23976967,MED,BX648304,ENA,http://identifiers.org/ebi/ena.embl:BX648304,Nucleotide Sequences
1060,23976967,MED,BC035497,ENA,http://identifiers.org/ebi/ena.embl:BC035497,Nucleotide Sequences
1061,23976967,MED,PRJNA209091,ENA,http://www.ebi.ac.uk/ena/data/view/PRJNA209091,Nucleotide Sequences
1063,18468712,MED,EF520287,ENA,http://identifiers.org/ebi/ena.embl:EF520287,Nucleotide Sequences
1064,18468712,MED,EF444554,ENA,http://identifiers.org/ebi/ena.embl:EF444554,Nucleotide Sequences
1065,18468712,MED,EF444549,ENA,http://identifiers.org/ebi/ena.embl:EF444549,Nucleotide Sequences
1066,18468712,MED,EF127906,ENA,http://identifiers.org/ebi/ena.embl:EF127906,Nucleotide Sequences
1067,18468712,MED,EU358769,ENA,http://identifiers.org/ebi/ena.embl:EU358769,Nucleotide Sequences
1068,18468712,MED,EF520289,ENA,http://identifiers.org/ebi/ena.embl:EF520289,Nucleotide Sequences
1069,18468712,MED,EF127908,ENA,http://identifiers.org/ebi/ena.embl:EF127908,Nucleotide Sequences
1070,18468712,MED,EU358768,ENA,http://identifiers.org/ebi/ena.embl:EU358768,Nucleotide Sequences
1071,18468712,MED,EU358767,ENA,http://identifiers.org/ebi/ena.embl:EU358767,Nucleotide Sequences
1072,18468712,MED,EU358766,ENA,http://identifiers.org/ebi/ena.embl:EU358766,Nucleotide Sequences
1073,18468712,MED,EU358745,ENA,http://identifiers.org/ebi/ena.embl:EU358745,Nucleotide Sequences
1074,18468712,MED,EU358753,ENA,http://identifiers.org/ebi/ena.embl:EU358753,Nucleotide Sequences
1075,18468712,MED,EU358752,ENA,http://identifiers.org/ebi/ena.embl:EU358752,Nucleotide Sequences
1076,18468712,MED,EU358751,ENA,http://identifiers.org/ebi/ena.embl:EU358751,Nucleotide Sequences
1077,18468712,MED,EU358750,ENA,http://identifiers.org/ebi/ena.embl:EU358750,Nucleotide Sequences
1078,18468712,MED,EF444553,ENA,http://identifiers.org/ebi/ena.embl:EF444553,Nucleotide Sequences
1079,18468712,MED,EU358759,ENA,http://identifiers.org/ebi/ena.embl:EU358759,Nucleotide Sequences
1080,18468712,MED,EU358758,ENA,http://identifiers.org/ebi/ena.embl:EU358758,Nucleotide Sequences
1081,18468712,MED,EU358757,ENA,http://identifiers.org/ebi/ena.embl:EU358757,Nucleotide Sequences
1082,18468712,MED,EU358756,ENA,http://identifiers.org/ebi/ena.embl:EU358756,Nucleotide Sequences
1083,18468712,MED,EU358755,ENA,http://identifiers.org/ebi/ena.embl:EU358755,Nucleotide Sequences
1084,18468712,MED,EU358754,ENA,http://identifiers.org/ebi/ena.embl:EU358754,Nucleotide Sequences
1085,18468712,MED,EU358764,ENA,http://identifiers.org/ebi/ena.embl:EU358764,Nucleotide Sequences
1086,18468712,MED,EU358763,ENA,http://identifiers.org/ebi/ena.embl:EU358763,Nucleotide Sequences
1087,18468712,MED,EU358762,ENA,http://identifiers.org/ebi/ena.embl:EU358762,Nucleotide Sequences
1088,18468712,MED,EU358761,ENA,http://identifiers.org/ebi/ena.embl:EU358761,Nucleotide Sequences
1089,18468712,MED,EU358760,ENA,http://identifiers.org/ebi/ena.embl:EU358760,Nucleotide Sequences
1090,18468712,MED,EF444551,ENA,http://identifiers.org/ebi/ena.embl:EF444551,Nucleotide Sequences
1091,18468712,MED,EF444552,ENA,http://identifiers.org/ebi/ena.embl:EF444552,Nucleotide Sequences
1092,18468712,MED,EF444550,ENA,http://identifiers.org/ebi/ena.embl:EF444550,Nucleotide Sequences
1093,18468712,MED,EF520288,ENA,http://identifiers.org/ebi/ena.embl:EF520288,Nucleotide Sequences
1094,18468712,MED,EF127907,ENA,http://identifiers.org/ebi/ena.embl:EF127907,Nucleotide Sequences
1095,18468712,MED,EU358749,ENA,http://identifiers.org/ebi/ena.embl:EU358749,Nucleotide Sequences
1096,18468712,MED,EU358748,ENA,http://identifiers.org/ebi/ena.embl:EU358748,Nucleotide Sequences
1097,18468712,MED,EU358747,ENA,http://identifiers.org/ebi/ena.embl:EU358747,Nucleotide Sequences
1098,18468712,MED,EU358746,ENA,http://identifiers.org/ebi/ena.embl:EU358746,Nucleotide Sequences
1099,18468712,MED,EU358765,ENA,http://identifiers.org/ebi/ena.embl:EU358765,Nucleotide Sequences
1100,18468712,MED,ACB11998,ENA,http://www.ebi.ac.uk/ena/data/view/ACB11998,Nucleotide Sequences
1101,18468712,MED,ACB12002,ENA,http://www.ebi.ac.uk/ena/data/view/ACB12002,Nucleotide Sequences
1102,18468712,MED,ACB12001,ENA,http://www.ebi.ac.uk/ena/data/view/ACB12001,Nucleotide Sequences
1103,18468712,MED,ACB12003,ENA,http://www.ebi.ac.uk/ena/data/view/ACB12003,Nucleotide Sequences
1104,18468712,MED,ACB12005,ENA,http://www.ebi.ac.uk/ena/data/view/ACB12005,Nucleotide Sequences
1105,18468712,MED,ACB12006,ENA,http://www.ebi.ac.uk/ena/data/view/ACB12006,Nucleotide Sequences
1106,18468712,MED,ACB12007,ENA,http://www.ebi.ac.uk/ena/data/view/ACB12007,Nucleotide Sequences
1107,18468712,MED,ACB12000,ENA,http://www.ebi.ac.uk/ena/data/view/ACB12000,Nucleotide Sequences
1108,18468712,MED,ACB11999,ENA,http://www.ebi.ac.uk/ena/data/view/ACB11999,Nucleotide Sequences
1109,18468712,MED,ACB12004,ENA,http://www.ebi.ac.uk/ena/data/view/ACB12004,Nucleotide Sequences
1118,19443904,MED,AAC50618,ENA,http://identifiers.org/ebi/ena.embl:AAC50618,Nucleotide Sequences
1119,19443904,MED,BAA19103,ENA,http://identifiers.org/ebi/ena.embl:BAA19103,Nucleotide Sequences
1120,19443904,MED,CAG28583,ENA,http://identifiers.org/ebi/ena.embl:CAG28583,Nucleotide Sequences
1123,17329332,MED,AF009606,ENA,http://identifiers.org/ebi/ena.embl:AF009606,Nucleotide Sequences
1124,17329332,MED,Y11604,ENA,http://identifiers.org/ebi/ena.embl:Y11604,Nucleotide Sequences
1125,17329332,MED,D14853,ENA,http://identifiers.org/ebi/ena.embl:D14853,Nucleotide Sequences
1126,17329332,MED,D90208,ENA,http://identifiers.org/ebi/ena.embl:D90208,Nucleotide Sequences
1127,17329332,MED,EF560218,ENA,http://identifiers.org/ebi/ena.embl:EF560218,Nucleotide Sequences
1128,17329332,MED,EF560558,ENA,http://identifiers.org/ebi/ena.embl:EF560558,Nucleotide Sequences
1129,17329332,MED,ABQ59743,ENA,http://www.ebi.ac.uk/ena/data/view/ABQ59743,Nucleotide Sequences
1130,17329332,MED,ABQ59745,ENA,http://www.ebi.ac.uk/ena/data/view/ABQ59745,Nucleotide Sequences
1131,17329332,MED,ABQ59746,ENA,http://www.ebi.ac.uk/ena/data/view/ABQ59746,Nucleotide Sequences
1132,17329332,MED,ABQ59747,ENA,http://www.ebi.ac.uk/ena/data/view/ABQ59747,Nucleotide Sequences
1133,17329332,MED,ABQ59740,ENA,http://www.ebi.ac.uk/ena/data/view/ABQ59740,Nucleotide Sequences
1134,17329332,MED,ABQ59744,ENA,http://www.ebi.ac.uk/ena/data/view/ABQ59744,Nucleotide Sequences
1135,17329332,MED,ABQ59739,ENA,http://www.ebi.ac.uk/ena/data/view/ABQ59739,Nucleotide Sequences
1136,17329332,MED,ABQ59741,ENA,http://www.ebi.ac.uk/ena/data/view/ABQ59741,Nucleotide Sequences
1137,17329332,MED,ABQ59742,ENA,http://www.ebi.ac.uk/ena/data/view/ABQ59742,Nucleotide Sequences
1138,17329332,MED,ABQ59738,ENA,http://www.ebi.ac.uk/ena/data/view/ABQ59738,Nucleotide Sequences
1146,15887978,MED,AY278488,ENA,http://identifiers.org/ebi/ena.embl:AY278488,Nucleotide Sequences
1147,18176959,MED,AC006154,ENA,http://identifiers.org/ebi/ena.embl:AC006154,Nucleotide Sequences
1148,18176959,MED,AC005068,ENA,http://identifiers.org/ebi/ena.embl:AC005068,Nucleotide Sequences
1149,18176959,MED,AC008177,ENA,http://identifiers.org/ebi/ena.embl:AC008177,Nucleotide Sequences
1151,15259069,MED,AB105172,ENA,http://identifiers.org/ebi/ena.embl:AB105172,Nucleotide Sequences
1152,15259069,MED,AB105174,ENA,http://identifiers.org/ebi/ena.embl:AB105174,Nucleotide Sequences
1153,15259069,MED,BAC82375,ENA,http://www.ebi.ac.uk/ena/data/view/BAC82375,Nucleotide Sequences
1154,15259069,MED,AB105172,ENA,http://www.ebi.ac.uk/ena/data/view/AB105172,Nucleotide Sequences
1155,15259069,MED,AB105173,ENA,http://www.ebi.ac.uk/ena/data/view/AB105173,Nucleotide Sequences
1156,15259069,MED,BAC82376,ENA,http://www.ebi.ac.uk/ena/data/view/BAC82376,Nucleotide Sequences
1157,15259069,MED,AB105174,ENA,http://www.ebi.ac.uk/ena/data/view/AB105174,Nucleotide Sequences
1158,15259069,MED,BAC82377,ENA,http://www.ebi.ac.uk/ena/data/view/BAC82377,Nucleotide Sequences
